id,username,email,passwordHash,role
1,andersonpaula1,larry63@example.org,990943e229445d69e9d6e5c3308fd5ae7f0b7593dee331c2c9437f28cbdfc0ce,INSTRUCTOR
2,ljones2,brownkatherine@example.net,94195feb9cc8a33ec174adbfb1bb29260c1ba644f504457d6048d13b56fa17e8,STUDENT
3,andreamorales3,andrewhansen@example.net,e6b169591989025d0e6a8a8ffdf99aa21cfc9e03ffc673c0a84961d5a3d92123,INSTRUCTOR
4,cooksara4,carl58@example.net,58dfc7017c15e036a9fb9720737cf75d61030e1494fce13ecb8ad2a415fff462,STUDENT
5,stephenchapman5,schmittmichael@example.net,c79b4e4be887d94b3ff83a88068a8848b4aa834f52c7cff99ec18f3be08dafb6,INSTRUCTOR
6,meganduffy6,nathanshah@example.net,f15beaed6fc9d817c9bf75d8f8d7e328e4f5053d69306151b5f3bbfa97ad19e7,INSTRUCTOR
7,davidguzman7,joshua75@example.net,6b720b60b7c77a26e2b529550fa68c67dca6f4f8467ee4004bd1442b6dae58a2,STUDENT
8,jaydean8,andresbrown@example.net,fee519913e3ad606fb7464a8e0ab6e0b29697f53ff551d0917a0f4f6d948a899,ADMIN
9,kgriffith9,samantha87@example.com,70435c75409a261613466d71d523000da896b5cf33506c0822645a58355995a6,STUDENT
10,michaelmiller10,ozimmerman@example.com,d70cdfb0130cbdabe6e96e7b9ae28f82a5856ea205fe26a5cc040405f057028f,INSTRUCTOR
11,gdickerson11,james03@example.com,367cb8354a81389d1023115144bc78808abcd06149175c82c216368495fcc4ef,INSTRUCTOR
12,pstephens12,rclayton@example.com,df6e5d8afefbad18ae48fbba18af6fc740d307c9c57988584090c0cda15d9304,STUDENT
13,krobinson13,qdodson@example.com,8af1774fb75bd24e2b3c56aa442832a91eeafb7f9d72a926b5193ffc5567cce9,STUDENT
14,vickiforbes14,hammondchristine@example.net,4ae3739e85fb79d33aab3dd83ceef6d9dd86c832d12c16ddeb67c707080a64c9,ADMIN
15,harveysteven15,jamiebates@example.com,e216a12647ab7d3121e4f17257b4438898b6dc8e57cbaf05895990e77a289b01,INSTRUCTOR
16,westbailey16,eugenegarcia@example.com,894fd45d8123118e0641038c350ada3ce3e80d7c98702657cadd8c21d6ff7eab,INSTRUCTOR
17,derrick2417,othomas@example.com,991cb89ce3d469a3a5cfbd0c7fa64fcb435f9b11fb011c182a39c79be8ca8b36,INSTRUCTOR
18,kbernard18,patelstephanie@example.net,1b215600e16d0e328c5ccd7b3894b4ca9e100916399480954acfd13752fdec26,INSTRUCTOR
19,jonesashley19,carlosgray@example.com,f5b09459a890bde0669ce863cfd398acda010ba399c846386ba8cfe6196967b3,STUDENT
20,sfitzpatrick20,nicole04@example.com,64b8535707be25204f744172559412fb87a796ce003029cab1c9b60faf1c392c,STUDENT
21,emilyturner21,emily.turner21@example.com,a1b2c3d4e5f6g7h8i9j0k1l2m3n4o5p6q7r8s9t0u1v2w3x4y5z6a7b8c9d0e1f2,STUDENT
22,robertwilliams22,robert.williams22@example.com,b2c3d4e5f6g7h8i9j0k1l2m3n4o5p6q7r8s9t0u1v2w3x4y5z6a7b8c9d0e1f2a1,STUDENT
23,sarahlee23,sarah.lee23@example.com,c3d4e5f6g7h8i9j0k1l2m3n4o5p6q7r8s9t0u1v2w3x4y5z6a7b8c9d0e1f2a1b2,STUDENT
24,danielmartin24,daniel.martin24@example.com,d4e5f6g7h8i9j0k1l2m3n4o5p6q7r8s9t0u1v2w3x4y5z6a7b8c9d0e1f2a1b2c3,STUDENT
25,ashleyclark25,ashley.clark25@example.com,e5f6g7h8i9j0k1l2m3n4o5p6q7r8s9t0u1v2w3x4y5z6a7b8c9d0e1f2a1b2c3d4,STUDENT
26,matthewdavis26,matthew.davis26@example.com,f6g7h8i9j0k1l2m3n4o5p6q7r8s9t0u1v2w3x4y5z6a7b8c9d0e1f2a1b2c3d4e5,STUDENT
27,oliviamoore27,olivia.moore27@example.com,g7h8i9j0k1l2m3n4o5p6q7r8s9t0u1v2w3x4y5z6a7b8c9d0e1f2a1b2c3d4e5f6,STUDENT
28,jamesking28,james.king28@example.com,h8i9j0k1l2m3n4o5p6q7r8s9t0u1v2w3x4y5z6a7b8c9d0e1f2a1b2c3d4e5f6g7,STUDENT
29,chloewilson29,chloe.wilson29@example.com,i9j0k1l2m3n4o5p6q7r8s9t0u1v2w3x4y5z6a7b8c9d0e1f2a1b2c3d4e5f6g7h8,STUDENT
30,benjaminwhite30,benjamin.white30@example.com,j0k1l2m3n4o5p6q7r8s9t0u1v2w3x4y5z6a7b8c9d0e1f2a1b2c3d4e5f6g7h8i9,STUDENT
31,liamsmith31,liam.smith31@example.com,1a1b2c3d4e5f6g7h8i9j0k1l2m3n4o5p6q7r8s9t0u1v2w3x4y5z6a7b8c9d0e1f,STUDENT
32,noahjohnson32,noah.johnson32@example.com,2b2c3d4e5f6g7h8i9j0k1l2m3n4o5p6q7r8s9t0u1v2w3x4y5z6a7b8c9d0e1f1a,STUDENT
33,oliverwilliams33,oliver.williams33@example.com,3c3d4e5f6g7h8i9j0k1l2m3n4o5p6q7r8s9t0u1v2w3x4y5z6a7b8c9d0e1f1a2b,STUDENT
34,elijahbrown34,elijah.brown34@example.com,4d4e5f6g7h8i9j0k1l2m3n4o5p6q7r8s9t0u1v2w3x4y5z6a7b8c9d0e1f1a2b3c,STUDENT
35,williamjones35,william.jones35@example.com,5e5f6g7h8i9j0k1l2m3n4o5p6q7r8s9t0u1v2w3x4y5z6a7b8c9d0e1f1a2b3c4d,STUDENT
36,jamesgarcia36,james.garcia36@example.com,6f6g7h8i9j0k1l2m3n4o5p6q7r8s9t0u1v2w3x4y5z6a7b8c9d0e1f1a2b3c4d5e,STUDENT
37,benjaminmiller37,benjamin.miller37@example.com,7g7h8i9j0k1l2m3n4o5p6q7r8s9t0u1v2w3x4y5z6a7b8c9d0e1f1a2b3c4d5e6f,STUDENT
38,lucasdavis38,lucas.davis38@example.com,8h8i9j0k1l2m3n4o5p6q7r8s9t0u1v2w3x4y5z6a7b8c9d0e1f1a2b3c4d5e6f7g,STUDENT
39,henryrodriguez39,henry.rodriguez39@example.com,9i9j0k1l2m3n4o5p6q7r8s9t0u1v2w3x4y5z6a7b8c9d0e1f1a2b3c4d5e6f7g8h,STUDENT
40,alexandermartinez40,alexander.martinez40@example.com,0j0k1l2m3n4o5p6q7r8s9t0u1v2w3x4y5z6a7b8c9d0e1f1a2b3c4d5e6f7g8h9i,STUDENT
41,masonhernandez41,mason.hernandez41@example.com,a1b2c3d4e5f6g7h8i9j0k1l2m3n4o5p6q7r8s9t0u1v2w3x4y5z6a7b8c9d0e1f2,STUDENT
42,michaellopez42,michael.lopez42@example.com,b2c3d4e5f6g7h8i9j0k1l2m3n4o5p6q7r8s9t0u1v2w3x4y5z6a7b8c9d0e1f2a1,STUDENT
43,ethangonzalez43,ethan.gonzalez43@example.com,c3d4e5f6g7h8i9j0k1l2m3n4o5p6q7r8s9t0u1v2w3x4y5z6a7b8c9d0e1f2a1b2,STUDENT
44,danielwilson44,daniel.wilson44@example.com,d4e5f6g7h8i9j0k1l2m3n4o5p6q7r8s9t0u1v2w3x4y5z6a7b8c9d0e1f2a1b2c3,STUDENT
45,jacobanderson45,jacob.anderson45@example.com,e5f6g7h8i9j0k1l2m3n4o5p6q7r8s9t0u1v2w3x4y5z6a7b8c9d0e1f2a1b2c3d4,STUDENT
46,loganthomas46,logan.thomas46@example.com,f6g7h8i9j0k1l2m3n4o5p6q7r8s9t0u1v2w3x4y5z6a7b8c9d0e1f2a1b2c3d4e5,STUDENT
47,jacksonmoore47,jackson.moore47@example.com,g7h8i9j0k1l2m3n4o5p6q7r8s9t0u1v2w3x4y5z6a7b8c9d0e1f2a1b2c3d4e5f6,STUDENT
48,levitaylor48,levi.taylor48@example.com,h8i9j0k1l2m3n4o5p6q7r8s9t0u1v2w3x4y5z6a7b8c9d0e1f2a1b2c3d4e5f6g7,STUDENT
49,sebastianmartin49,sebastian.martin49@example.com,i9j0k1l2m3n4o5p6q7r8s9t0u1v2w3x4y5z6a7b8c9d0e1f2a1b2c3d4e5f6g7h8,STUDENT
50,mateoharris50,mateo.harris50@example.com,j0k1l2m3n4o5p6q7r8s9t0u1v2w3x4y5z6a7b8c9d0e1f2a1b2c3d4e5f6g7h8i9,STUDENT
51,davidclark51,david.clark51@example.com,k1l2m3n4o5p6q7r8s9t0u1v2w3x4y5z6a7b8c9d0e1f2a1b2c3d4e5f6g7h8i9j0,STUDENT
52,josephlewis52,joseph.lewis52@example.com,l2m3n4o5p6q7r8s9t0u1v2w3x4y5z6a7b8c9d0e1f2a1b2c3d4e5f6g7h8i9j0k1,STUDENT
53,samuelrobinson53,samuel.robinson53@example.com,m3n4o5p6q7r8s9t0u1v2w3x4y5z6a7b8c9d0e1f2a1b2c3d4e5f6g7h8i9j0k1l2,STUDENT
54,johnwalker54,john.walker54@example.com,n4o5p6q7r8s9t0u1v2w3x4y5z6a7b8c9d0e1f2a1b2c3d4e5f6g7h8i9j0k1l2m3,STUDENT
55,andrewperez55,andrew.perez55@example.com,o5p6q7r8s9t0u1v2w3x4y5z6a7b8c9d0e1f2a1b2c3d4e5f6g7h8i9j0k1l2m3n4,STUDENT
56,ryanhall56,ryan.hall56@example.com,p6q7r8s9t0u1v2w3x4y5z6a7b8c9d0e1f2a1b2c3d4e5f6g7h8i9j0k1l2m3n4o5,STUDENT
57,joshuayoung57,joshua.young57@example.com,q7r8s9t0u1v2w3x4y5z6a7b8c9d0e1f2a1b2c3d4e5f6g7h8i9j0k1l2m3n4o5p6,STUDENT
58,christopherallen58,christopher.allen58@example.com,r8s9t0u1v2w3x4y5z6a7b8c9d0e1f2a1b2c3d4e5f6g7h8i9j0k1l2m3n4o5p6q7,STUDENT
59,dylanking59,dylan.king59@example.com,s9t0u1v2w3x4y5z6a7b8c9d0e1f2a1b2c3d4e5f6g7h8i9j0k1l2m3n4o5p6q7r8,STUDENT
60,isaacwright60,isaac.wright60@example.com,t0u1v2w3x4y5z6a7b8c9d0e1f2a1b2c3d4e5f6g7h8i9j0k1l2m3n4o5p6q7r8s9,STUDENT
61,gabrielscott61,gabriel.scott61@example.com,u1v2w3x4y5z6a7b8c9d0e1f2a1b2c3d4e5f6g7h8i9j0k1l2m3n4o5p6q7r8s9t0,STUDENT
62,anthonygreen62,anthony.green62@example.com,v2w3x4y5z6a7b8c9d0e1f2a1b2c3d4e5f6g7h8i9j0k1l2m3n4o5p6q7r8s9t0u1,STUDENT
63,graysonbaker63,grayson.baker63@example.com,w3x4y5z6a7b8c9d0e1f2a1b2c3d4e5f6g7h8i9j0k1l2m3n4o5p6q7r8s9t0u1v2,STUDENT
64,julianadams64,julian.adams64@example.com,x4y5z6a7b8c9d0e1f2a1b2c3d4e5f6g7h8i9j0k1l2m3n4o5p6q7r8s9t0u1v2w3,STUDENT
65,wyattnelson65,wyatt.nelson65@example.com,y5z6a7b8c9d0e1f2a1b2c3d4e5f6g7h8i9j0k1l2m3n4o5p6q7r8s9t0u1v2w3x4,STUDENT
66,leohill66,leo.hill66@example.com,z6a7b8c9d0e1f2a1b2c3d4e5f6g7h8i9j0k1l2m3n4o5p6q7r8s9t0u1v2w3x4y5,STUDENT
67,hunterramirez67,hunter.ramirez67@example.com,a7b8c9d0e1f2a1b2c3d4e5f6g7h8i9j0k1l2m3n4o5p6q7r8s9t0u1v2w3x4y5z6,STUDENT
68,owencampbell68,owen.campbell68@example.com,b8c9d0e1f2a1b2c3d4e5f6g7h8i9j0k1l2m3n4o5p6q7r8s9t0u1v2w3x4y5z6a7,STUDENT
69,calebmitchell69,caleb.mitchell69@example.com,c9d0e1f2a1b2c3d4e5f6g7h8i9j0k1l2m3n4o5p6q7r8s9t0u1v2w3x4y5z6a7b8,STUDENT
70,carterroberts70,carter.roberts70@example.com,d0e1f2a1b2c3d4e5f6g7h8i9j0k1l2m3n4o5p6q7r8s9t0u1v2w3x4y5z6a7b8c9,STUDENT
71,emilyturner71,emily.turner71@example.com,1f1a2b2c3d3e4f4g5h5i6j6k7l7m8n8o9p9q0r0s1t1u2v2w3x3y4z4a5b5c6d6e,STUDENT
72,michaelsmith72,michael.smith72@example.com,2a2b3c4d5e6f7g8h9i0j1k2l3m4n5o6p7q8r9s0t1u2v3w4x5y6z7a8b9c0d1e2f,STUDENT
73,sarahjohnson73,sarah.johnson73@example.com,3b3c4d5e6f7g8h9i0j1k2l3m4n5o6p7q8r9s0t1u2v3w4x5y6z7a8b9c0d1e2f3a,STUDENT
74,davidwilliams74,david.williams74@example.com,4c4d5e6f7g8h9i0j1k2l3m4n5o6p7q8r9s0t1u2v3w4x5y6z7a8b9c0d1e2f3a4b,STUDENT
75,jessicabrown75,jessica.brown75@example.com,5d5e6f7g8h9i0j1k2l3m4n5o6p7q8r9s0t1u2v3w4x5y6z7a8b9c0d1e2f3a4b5c,STUDENT
76,jamesjones76,james.jones76@example.com,6e6f7g8h9i0j1k2l3m4n5o6p7q8r9s0t1u2v3w4x5y6z7a8b9c0d1e2f3a4b5c6d,STUDENT
77,lauragarcia77,laura.garcia77@example.com,7f7g8h9i0j1k2l3m4n5o6p7q8r9s0t1u2v3w4x5y6z7a8b9c0d1e2f3a4b5c6d7e,STUDENT
78,robertmiller78,robert.miller78@example.com,8g8h9i0j1k2l3m4n5o6p7q8r9s0t1u2v3w4x5y6z7a8b9c0d1e2f3a4b5c6d7e8f,STUDENT
79,lindadavis79,linda.davis79@example.com,9h9i0j1k2l3m4n5o6p7q8r9s0t1u2v3w4x5y6z7a8b9c0d1e2f3a4b5c6d7e8f9g,STUDENT
80,johnrodriguez80,john.rodriguez80@example.com,0i0j1k2l3m4n5o6p7q8r9s0t1u2v3w4x5y6z7a8b9c0d1e2f3a4b5c6d7e8f9g0h,STUDENT
81,marymartinez81,mary.martinez81@example.com,1j1k2l3m4n5o6p7q8r9s0t1u2v3w4x5y6z7a8b9c0d1e2f3a4b5c6d7e8f9g0h1i,STUDENT
82,paulhernandez82,paul.hernandez82@example.com,2k2l3m4n5o6p7q8r9s0t1u2v3w4x5y6z7a8b9c0d1e2f3a4b5c6d7e8f9g0h1i2j,STUDENT
83,jenniferlopez83,jennifer.lopez83@example.com,3l3m4n5o6p7q8r9s0t1u2v3w4x5y6z7a8b9c0d1e2f3a4b5c6d7e8f9g0h1i2j3k,STUDENT
84,markgonzalez84,mark.gonzalez84@example.com,4m4n5o6p7q8r9s0t1u2v3w4x5y6z7a8b9c0d1e2f3a4b5c6d7e8f9g0h1i2j3k4l,STUDENT
85,patriciawilson85,patricia.wilson85@example.com,5n5o6p7q8r9s0t1u2v3w4x5y6z7a8b9c0d1e2f3a4b5c6d7e8f9g0h1i2j3k4l5m,STUDENT
86,charlesanderson86,charles.anderson86@example.com,6o6p7q8r9s0t1u2v3w4x5y6z7a8b9c0d1e2f3a4b5c6d7e8f9g0h1i2j3k4l5m6n,STUDENT
87,barbarathomas87,barbara.thomas87@example.com,7p7q8r9s0t1u2v3w4x5y6z7a8b9c0d1e2f3a4b5c6d7e8f9g0h1i2j3k4l5m6n7o,STUDENT
88,danielmoore88,daniel.moore88@example.com,8q8r9s0t1u2v3w4x5y6z7a8b9c0d1e2f3a4b5c6d7e8f9g0h1i2j3k4l5m6n7o8p,STUDENT
89,susanlee89,susan.lee89@example.com,9r9s0t1u2v3w4x5y6z7a8b9c0d1e2f3a4b5c6d7e8f9g0h1i2j3k4l5m6n7o8p9q,STUDENT
90,matthewharris90,matthew.harris90@example.com,0s0t1u2v3w4x5y6z7a8b9c0d1e2f3a4b5c6d7e8f9g0h1i2j3k4l5m6n7o8p9q0r,STUDENT
91,karenclark91,karen.clark91@example.com,1t1u2v3w4x5y6z7a8b9c0d1e2f3a4b5c6d7e8f9g0h1i2j3k4l5m6n7o8p9q0r1s,STUDENT
92,donaldlewis92,donald.lewis92@example.com,2u2v3w4x5y6z7a8b9c0d1e2f3a4b5c6d7e8f9g0h1i2j3k4l5m6n7o8p9q0r1s2t,STUDENT
93,nancyrobinson93,nancy.robinson93@example.com,3v3w4x5y6z7a8b9c0d1e2f3a4b5c6d7e8f9g0h1i2j3k4l5m6n7o8p9q0r1s2t3u,STUDENT
94,anthonywalker94,anthony.walker94@example.com,4w4x5y6z7a8b9c0d1e2f3a4b5c6d7e8f9g0h1i2j3k4l5m6n7o8p9q0r1s2t3u4v,STUDENT
95,bettyperez95,betty.perez95@example.com,5x5y6z7a8b9c0d1e2f3a4b5c6d7e8f9g0h1i2j3k4l5m6n7o8p9q0r1s2t3u4v5w,STUDENT
96,josephhall96,joseph.hall96@example.com,6y6z7a8b9c0d1e2f3a4b5c6d7e8f9g0h1i2j3k4l5m6n7o8p9q0r1s2t3u4v5w6x,STUDENT
97,margaretyoung97,margaret.young97@example.com,7z7a8b9c0d1e2f3a4b5c6d7e8f9g0h1i2j3k4l5m6n7o8p9q0r1s2t3u4v5w6x7y,STUDENT
98,stevenallen98,steven.allen98@example.com,8a8b9c0d1e2f3a4b5c6d7e8f9g0h1i2j3k4l5m6n7o8p9q0r1s2t3u4v5w6x7y8z,STUDENT
99,dorothyking99,dorothy.king99@example.com,9b9c0d1e2f3a4b5c6d7e8f9g0h1i2j3k4l5m6n7o8p9q0r1s2t3u4v5w6x7y8z9a,STUDENT
100,kevinsanders100,kevin.sanders100@example.com,0c0d1e2f3a4b5c6d7e8f9g0h1i2j3k4l5m6n7o8p9q0r1s2t3u4v5w6x7y8z9a0b,STUDENT