id,username,email,passwordHash,role
1,andersonpaula1,larry63@example.org,990943e229445d69e9d6e5c3308fd5ae7f0b7593dee331c2c9437f28cbdfc0ce,INSTRUCTOR
2,ljones2,brownkatherine@example.net,94195feb9cc8a33ec174adbfb1bb29260c1ba644f504457d6048d13b56fa17e8,STUDENT
3,andreamorales3,andrewhansen@example.net,e6b169591989025d0e6a8a8ffdf99aa21cfc9e03ffc673c0a84961d5a3d92123,INSTRUCTOR
4,cooksara4,carl58@example.net,58dfc7017c15e036a9fb9720737cf75d61030e1494fce13ecb8ad2a415fff462,STUDENT
5,stephenchapman5,schmittmichael@example.net,c79b4e4be887d94b3ff83a88068a8848b4aa834f52c7cff99ec18f3be08dafb6,INSTRUCTOR
6,meganduffy6,nathanshah@example.net,f15beaed6fc9d817c9bf75d8f8d7e328e4f5053d69306151b5f3bbfa97ad19e7,INSTRUCTOR
7,davidguzman7,joshua75@example.net,6b720b60b7c77a26e2b529550fa68c67dca6f4f8467ee4004bd1442b6dae58a2,STUDENT
8,jaydean8,andresbrown@example.net,fee519913e3ad606fb7464a8e0ab6e0b29697f53ff551d0917a0f4f6d948a899,ADMIN
9,kgriffith9,samantha87@example.com,70435c75409a261613466d71d523000da896b5cf33506c0822645a58355995a6,STUDENT
10,michaelmiller10,ozimmerman@example.com,d70cdfb0130cbdabe6e96e7b9ae28f82a5856ea205fe26a5cc040405f057028f,INSTRUCTOR
11,gdickerson11,james03@example.com,367cb8354a81389d1023115144bc78808abcd06149175c82c216368495fcc4ef,INSTRUCTOR
12,pstephens12,rclayton@example.com,df6e5d8afefbad18ae48fbba18af6fc740d307c9c57988584090c0cda15d9304,STUDENT
13,krobinson13,qdodson@example.com,8af1774fb75bd24e2b3c56aa442832a91eeafb7f9d72a926b5193ffc5567cce9,STUDENT
14,vickiforbes14,hammondchristine@example.net,4ae3739e85fb79d33aab3dd83ceef6d9dd86c832d12c16ddeb67c707080a64c9,ADMIN
15,harveysteven15,jamiebates@example.com,e216a12647ab7d3121e4f17257b4438898b6dc8e57cbaf05895990e77a289b01,INSTRUCTOR
16,westbailey16,eugenegarcia@example.com,894fd45d8123118e0641038c350ada3ce3e80d7c98702657cadd8c21d6ff7eab,INSTRUCTOR
17,derrick2417,othomas@example.com,991cb89ce3d469a3a5cfbd0c7fa64fcb435f9b11fb011c182a39c79be8ca8b36,INSTRUCTOR
18,kbernard18,patelstephanie@example.net,1b215600e16d0e328c5ccd7b3894b4ca9e100916399480954acfd13752fdec26,INSTRUCTOR
19,jonesashley19,carlosgray@example.com,f5b09459a890bde0669ce863cfd398acda010ba399c846386ba8cfe6196967b3,STUDENT
20,sfitzpatrick20,nicole04@example.com,64b8535707be25204f744172559412fb87a796ce003029cab1c9b60faf1c392c,STUDENT
21,emilyturner21,emily.turner21@example.com,a1b2c3d4e5f6g7h8i9j0k1l2m3n4o5p6q7r8s9t0u1v2w3x4y5z6a7b8c9d0e1f2,STUDENT
22,robertwilliams22,robert.williams22@example.com,b2c3d4e5f6g7h8i9j0k1l2m3n4o5p6q7r8s9t0u1v2w3x4y5z6a7b8c9d0e1f2a1,STUDENT
23,sarahlee23,sarah.lee23@example.com,c3d4e5f6g7h8i9j0k1l2m3n4o5p6q7r8s9t0u1v2w3x4y5z6a7b8c9d0e1f2a1b2,STUDENT
24,danielmartin24,daniel.martin24@example.com,d4e5f6g7h8i9j0k1l2m3n4o5p6q7r8s9t0u1v2w3x4y5z6a7b8c9d0e1f2a1b2c3,STUDENT
25,ashleyclark25,ashley.clark25@example.com,e5f6g7h8i9j0k1l2m3n4o5p6q7r8s9t0u1v2w3x4y5z6a7b8c9d0e1f2a1b2c3d4,STUDENT
26,matthewdavis26,matthew.davis26@example.com,f6g7h8i9j0k1l2m3n4o5p6q7r8s9t0u1v2w3x4y5z6a7b8c9d0e1f2a1b2c3d4e5,STUDENT
27,oliviamoore27,olivia.moore27@example.com,g7h8i9j0k1l2m3n4o5p6q7r8s9t0u1v2w3x4y5z6a7b8c9d0e1f2a1b2c3d4e5f6,STUDENT
28,jamesking28,james.king28@example.com,h8i9j0k1l2m3n4o5p6q7r8s9t0u1v2w3x4y5z6a7b8c9d0e1f2a1b2c3d4e5f6g7,STUDENT
29,chloewilson29,chloe.wilson29@example.com,i9j0k1l2m3n4o5p6q7r8s9t0u1v2w3x4y5z6a7b8c9d0e1f2a1b2c3d4e5f6g7h8,STUDENT
30,benjaminwhite30,benjamin.white30@example.com,j0k1l2m3n4o5p6q7r8s9t0u1v2w3x4y5z6a7b8c9d0e1f2a1b2c3d4e5f6g7h8i9,STUDENT